[
{
    "model": "open_humans.user",
    "pk": 1,
    "fields": {
        "password": "pbkdf2_sha256$100000$8tw0EE8vc7wV$pgeSW/GJ1h4nd95b4J674zP0N+lG8FacVd5BPUF5/kQ=",
        "last_login": "2018-08-14T15:22:52.328Z",
        "is_superuser": true,
        "username": "bacon",
        "first_name": "",
        "last_name": "",
        "email": "asdf@asf.com",
        "is_staff": true,
        "is_active": true,
        "date_joined": "2018-08-14T15:22:51.918Z",
        "groups": [],
        "user_permissions": []
    }
},
{
    "model": "open_humans.user",
    "pk": 2,
    "fields": {
        "password": "pbkdf2_sha256$100000$Wp06NxHhXrPV$76lbQF78y7j5+8rp1JcD86AaLckPvbgdCGP0Sw29oEM=",
        "last_login": null,
        "is_superuser": true,
        "username": "chickens",
        "first_name": "The Chicken",
        "last_name": "Is the International Bird",
        "email": "froopla@borknorp.com",
        "is_staff": true,
        "is_active": true,
        "date_joined": "2018-08-14T17:32:27.568Z",
        "groups": [],
        "user_permissions": []
    }
},
{
    "model": "open_humans.user",
    "pk": 3,
    "fields": {
        "password": "pbkdf2_sha256$100000$3ILN6PONCXWY$b57Ooj9KJ+RoAuiGRgJiDhlyC01eOwFNp2kT1lvvASA=",
        "last_login": "2018-08-14T16:55:41.758Z",
        "is_superuser": true,
        "username": "beau",
        "first_name": "",
        "last_name": "",
        "email": "beau@openhumans.org",
        "is_staff": true,
        "is_active": true,
        "date_joined": "2018-08-14T16:55:41.329Z",
        "groups": [],
        "user_permissions": []
    }
},
{
    "model": "open_humans.user",
    "pk": 4,
    "fields": {
        "password": "pbkdf2_sha256$100000$Wp06NxHhXrPV$76lbQF78y7j5+8rp1JcD86AaLckPvbgdCGP0Sw29oEM=",
        "last_login": null,
        "is_superuser": true,
        "username": "api-administrator",
        "first_name": "",
        "last_name": "",
        "email": "asdf@borknorp.com",
        "is_staff": true,
        "is_active": true,
        "date_joined": "2018-08-14T17:32:27.568Z",
        "groups": [],
        "user_permissions": []
    }
},
{
    "model": "open_humans.member",
    "pk": 1,
    "fields": {
        "user": 1,
        "name": "Mairi",
        "profile_image": "",
        "about_me": "",
        "newsletter": false,
        "allow_user_messages": false,
        "member_id": "30530737",
        "seen_pgp_interstitial": false
    }
},
{
    "model": "open_humans.member",
    "pk": 2,
    "fields": {
        "user": 2,
        "name": "Chicken",
        "profile_image": "",
        "about_me": "",
        "newsletter": false,
        "allow_user_messages": false,
        "member_id": "34530737",
        "seen_pgp_interstitial": false
    }
},
{
    "model": "open_humans.member",
    "pk": 3,
    "fields": {
        "user": 3,
        "name": "beau",
        "profile_image": "",
        "about_me": "## Testing!\n\nTesting.",
        "newsletter": true,
        "allow_user_messages": false,
        "member_id": "22910926",
        "seen_pgp_interstitial": false
    }
},
{
    "model": "open_humans.blogpost",
    "pk": 1,
    "fields": {
        "rss_id": "http://blog.openhumans.org/?p=1760",
        "title": "OH Project Management App \u2013 Going  Forward",
        "summary_long": "We are happy that Open Humans will have four Outreachy interns this summer. Our interns are working on their own Open Humans related projects and will regularly blog about their internship experience. Read Rosy\u2019s post about creating an app to manage your Open Humans project: Open Humans Project Management Web app allows Open Humans project &#8230; <a href=\"https://blog.openhumans.org/2018/07/17/oh-project-management-app-going-forward/\" class=\"more-link\">Continue reading <span class=\"screen-reader-text\">OH Project Management App &#8211; Going&#160;Forward</span> <span class=\"meta-nav\">&#8594;</span></a>",
        "summary_short": "We are happy that Open Humans will have four Outreachy interns this summer. Our interns are working on their own Open Humans related projects and will regularly blog about their internship experien\u2026",
        "image_url": "",
        "published": "2018-07-17T17:02:09Z"
    }
},
{
    "model": "open_humans.blogpost",
    "pk": 2,
    "fields": {
        "rss_id": "http://blog.openhumans.org/?p=1748",
        "title": "Working with Github API",
        "summary_long": "We are happy that Open Humans will have four Outreachy interns this summer. Our interns are working on their own Open Humans related projects and will regularly blog about their internship experience. Read Manaswini&#8217;s post about working with the Github API for a new Open Humans project: I have been working with Github API all &#8230; <a href=\"https://blog.openhumans.org/2018/07/10/working-with-github-api/\" class=\"more-link\">Continue reading <span class=\"screen-reader-text\">Working with Github&#160;API</span> <span class=\"meta-nav\">&#8594;</span></a>",
        "summary_short": "We are happy that Open Humans will have four Outreachy interns this summer. Our interns are working on their own Open Humans related projects and will regularly blog about their internship experien\u2026",
        "image_url": "",
        "published": "2018-07-10T20:13:56Z"
    }
},
{
    "model": "open_humans.blogpost",
    "pk": 3,
    "fields": {
        "rss_id": "http://blog.openhumans.org/?p=1746",
        "title": "Outreachy: The learning phase",
        "summary_long": "We are happy that Open Humans will have four Outreachy interns this summer. Our interns are working on their own Open Humans related projects and will regularly blog about their internship experience. Read Tarannum&#8217;s post about working on creating packages\u00a0 for the Open Humans API: The Open Humans API provides command line tools to interact &#8230; <a href=\"https://blog.openhumans.org/2018/07/09/outreachy-the-learning-phase/\" class=\"more-link\">Continue reading <span class=\"screen-reader-text\">Outreachy: The learning&#160;phase</span> <span class=\"meta-nav\">&#8594;</span></a>",
        "summary_short": "We are happy that Open Humans will have four Outreachy interns this summer. Our interns are working on their own Open Humans related projects and will regularly blog about their internship experien\u2026",
        "image_url": "https://lh3.googleusercontent.com/-ArxIaPk388s/W0HsevcM-FI/AAAAAAAAAnY/S7E3EIBy_XoLWErWIYbugjHdbHkDrVUSQCHMYCw/d/Screenshot%2Bfrom%2B2018-07-08%2B12-48-00.png",
        "published": "2018-07-09T20:13:35Z"
    }
},
{
    "model": "open_humans.userevent",
    "pk": 1,
    "fields": {
        "user": 1,
        "event_type": "direct-sharing:on-site:consent",
        "timestamp": "2018-08-14T16:10:28.758Z",
        "data": {
            "project-id": 1
        }
    }
},
{
    "model": "open_humans.userevent",
    "pk": 2,
    "fields": {
        "user": 1,
        "event_type": "direct-sharing:on-site:authorize",
        "timestamp": "2018-08-14T16:10:32.518Z",
        "data": {
            "project-id": 1
        }
    }
},
{
    "model": "sites.site",
    "pk": 1,
    "fields": {
        "domain": ["openhumans.org"],
        "name": "Open Humans"}
},
{
    "model": "account.emailaddress",
    "pk": 1,
    "fields": {
      "user": [
        "bacon"
      ],
      "email": "bacon@example.com",
      "verified": true,
      "primary": true
    }
},
{
    "model": "account.emailaddress",
    "pk": 2,
    "fields": {
        "user": 2,
        "email": "mood@big.com",
        "verified": true,
        "primary": true
    }
},
{
    "model": "account.emailaddress",
    "pk": 3,
    "fields": {
        "user": 3,
        "email": "birb@big.com",
        "verified": false,
        "primary": true
    }
},
{
    "model": "private_sharing.datarequestproject",
    "pk": 1,
    "fields": {
        "is_study": false,
        "name": "Groovy Music",
        "slug": "groovy-music",
        "leader": "Jimi Hendrix",
        "organization": "Jimi Hendrix Experience",
        "is_academic_or_nonprofit": false,
        "contact_email": "asdf@test.com",
        "info_url": "http://jimihendrix.com",
        "short_description": "Really groovy music",
        "long_description": "Bork norps are coming!",
        "returned_data_description": "Lots of music",
        "active": true,
        "badge_image": "direct-sharing/badges/None/y.png",
        "all_sources_access": false,
        "request_username_access": true,
        "coordinator": 1,
        "approved": true,
        "created": "2018-08-15T23:26:16.438Z",
        "last_updated": "2018-08-15T23:30:48.620Z",
        "master_access_token": "9011bxbALsUpOlhFEOfHkTlfqaGaCZy3YT4HBdVpuEYdPTDbmDpt9ZIuMwec7R83",
        "token_expiration_date": "2018-08-16T23:30:48.614Z",
        "token_expiration_disabled": false,
        "requested_sources": []
    }
},
{
    "model": "private_sharing.datarequestproject",
    "pk": 2,
    "fields": {
        "is_study": false,
        "name": "Favorite Trance Tracks",
        "slug": "favorite-trance-tracks",
        "leader": "Lucille",
        "organization": "Trance Musix",
        "is_academic_or_nonprofit": false,
        "contact_email": "trance@email.com",
        "info_url": "https://en.wikipedia.org/wiki/Trance_music",
        "short_description": "List your five favorite trance tracks",
        "long_description": "Trance",
        "returned_data_description": "Lists of songs",
        "active": true,
        "badge_image": "direct-sharing/badges/None/x.jpg",
        "all_sources_access": false,
        "request_username_access": true,
        "coordinator": 1,
        "approved": true,
        "created": "2018-08-15T23:27:22.114Z",
        "last_updated": "2018-08-15T23:32:11.600Z",
        "master_access_token": "iRbnXywzG8AiD0rAr19fqLK3wAj0HcLHHcor12WLY6QZMZb94Hu3WmHpbxmoJgZx",
        "token_expiration_date": "2018-08-16T23:32:11.597Z",
        "token_expiration_disabled": false,
        "requested_sources": []
    }
},
{
    "model": "private_sharing.onsitedatarequestproject",
    "pk": 1,
    "fields": {
        "consent_text": "grepper",
        "post_sharing_url": ""
    }
},
{
    "model": "private_sharing.onsitedatarequestproject",
    "pk": 2,
    "fields": {
        "consent_text": "flippy floppy",
        "post_sharing_url": ""
    }
},
{
    "model": "private_sharing.datarequestprojectmember",
    "pk": 2,
    "fields": {
        "member": 1,
        "created": "2018-08-15T23:32:38.414Z",
        "project": 2,
        "project_member_id": "03257953",
        "username_shared": true,
        "all_sources_shared": false,
        "consent_text": "flippy floppy",
        "joined": true,
        "authorized": true,
        "revoked": false,
        "visible": true
    }
},
{
    "model": "private_sharing.datarequestprojectmember",
    "pk": 5,
    "fields": {
        "member": 1,
        "created": "2018-08-24T20:05:50.209Z",
        "project": 1,
        "project_member_id": "41492173",
        "username_shared": true,
        "all_sources_shared": false,
        "consent_text": "grepper",
        "joined": true,
        "authorized": true,
        "revoked": false,
        "visible": false
    }
},
{
    "model": "public_data.participant",
    "pk": 1,
    "fields": {
        "member": 1,
        "enrolled": true
    }
},
{
    "model": "public_data.participant",
    "pk": 2,
    "fields": {
        "member": 2,
        "enrolled": false
    }
},
{
    "model": "public_data.participant",
    "pk": 3,
    "fields": {
        "member": 3,
        "enrolled": false
    }
},
{
    "model": "public_data.publicdataaccess",
    "pk": 1,
    "fields": {
        "participant": 1,
        "data_source": "direct-sharing-2",
        "is_public": true
    }
},
{
    "model": "public_data.publicdataaccess",
    "pk": 2,
    "fields": {
        "participant": 1,
        "data_source": "direct-sharing-1",
        "is_public": true
    }
},
{
    "model": "account.emailconfirmation",
    "pk": 1,
    "fields": {
        "email_address": 1,
        "created": "2018-08-15T23:22:05.765Z",
        "sent": "2018-08-15T23:22:05.790Z",
        "key": "6b285efabc0dac173d2724d0210e2cc4d054d4ee3ae76b1ab3778a547b9bb38a"
    }
},
{
    "model": "account.emailconfirmation",
    "pk": 2,
    "fields": {
        "email_address": 2,
        "created": "2018-08-17T17:21:19.225Z",
        "sent": "2018-08-17T17:21:19.252Z",
        "key": "bbdf3e202ab087531dc231568b6f1b98a97f5b887ad20a5e447b29a01bb79e71"
    }
},
{
    "model": "account.emailconfirmation",
    "pk": 3,
    "fields": {
        "email_address": 3,
        "created": "2018-08-17T19:38:43.249Z",
        "sent": "2018-08-17T19:38:43.277Z",
        "key": "fb5c9c4d05d2f72195fcfc7f4db0fd7720831ab01de8108e2d56fd1fa09941eb"
    }
},
{
    "model": "data_import.datafile",
    "pk": 1,
    "fields": {
      "file": "member-files/direct-sharing-1/3875226e-9fdd-11e8-8485-0242c0a80002/trance0.json",
      "metadata": {
          "description": "Trance songs I like",
          "tags": [
              "trance",
              "music",
              "is groovy"
              ]
      },
      "created": "2018-08-14 16:15:11.86466+00",
      "source": "direct-sharing-1",
      "user_id": 1
    }
},
{
    "model": "data_import.datafile",
    "pk": 2,
    "fields": {
      "file": "member-files/direct-sharing-2/eb836cde-9fe3-11e8-9f55-0242c0a80002/chiptune0.json",
      "metadata": {
          "description": "Chiptune songs I like",
          "tags": [
              "chiptune",
              "music",
              "is synthetic"
              ]
      },
      "created": "2018-08-14 17:03:09.250196+00",
      "source": "direct-sharing-2",
      "user_id": 1
    }
},
{
    "model": "data_import.datafile",
    "pk": 3,
    "fields": {
      "file": "member-files/direct-sharing-2/38756cde-9fe0-11e8-9f55-0242c0a80002/glitch0.json",
      "metadata": {
          "description": "Glitch songs I like",
          "tags": [
              "glitch",
              "music",
              "is weird"
              ]
      },
      "created": "2018-08-14 17:03:09.250196+00",
      "source": "direct-sharing-3",
      "user_id": 1
    }
},
{
    "model": "oauth2_provider.application",
    "pk": 1,
    "fields": {
      "client_id": "example-id-15",
      "user": [
        "api-administrator"
      ],
      "redirect_uris": "https://www.goviralstudy.com/auth/open-humans/callback",
      "client_type": "confidential",
      "authorization_grant_type": "authorization-code",
      "client_secret": "example-secret-16",
      "name": "GoViral",
      "created": "2016-02-09T01:36:03.716Z",
      "updated": "2017-03-04T04:42:21.812Z",
      "skip_authorization": false
    }
  },
  {
    "model": "oauth2_provider.application",
    "pk": 2,
    "fields": {
      "client_id": "example-id-17",
      "user": [
        "api-administrator"
      ],
      "redirect_uris": "https://www.microbio.me/AmericanGut/authed/connect/open-humans/",
      "client_type": "confidential",
      "authorization_grant_type": "authorization-code",
      "client_secret": "example-secret-18",
      "name": "American Gut",
      "created": "2016-04-09T01:36:03.716Z",
      "updated": "2017-05-04T04:42:21.812Z",
      "skip_authorization": false
    }
  },
  {
    "model": "oauth2_provider.application",
    "pk": 3,
    "fields": {
      "client_id": "example-id-19",
      "user": [
        "api-administrator"
      ],
      "redirect_uris": "https://my.pgp-hms.org/auth/open-humans/callback",
      "client_type": "confidential",
      "authorization_grant_type": "authorization-code",
      "client_secret": "example-secret-20",
      "name": "Harvard Personal Genome Project",
      "created": "2016-05-09T01:36:03.716Z",
      "updated": "2017-06-04T04:42:21.812Z",
      "skip_authorization": false
    }
  },
  {
    "model": "oauth2_provider.application",
    "pk": 4,
    "fields": {
      "client_id": "example-id-21",
      "user": [
        "beau"
      ],
      "redirect_uris": "https://keeping-pace.chunaralab.com/accounts/openhumans/login/callback/",
      "client_type": "confidential",
      "authorization_grant_type": "authorization-code",
      "client_secret": "example-secret-22",
      "name": "Keeping Pace",
      "created": "2016-06-09T01:36:03.716Z",
      "updated": "2017-07-04T04:42:21.812Z",
      "skip_authorization": false
    }
  },
  {
    "model": "oauth2_provider.application",
    "pk": 5,
    "fields": {
      "client_id": "example-id-23",
      "user": [
        "api-administrator"
      ],
      "redirect_uris": "https://wildlifehomes-datareturn.herokuapp.com/open_humans_complete/",
      "client_type": "confidential",
      "authorization_grant_type": "authorization-code",
      "client_secret": "example-secret-24",
      "name": "Wild Life of Our Homes",
      "created": "2016-07-09T01:36:03.716Z",
      "updated": "2017-08-04T04:42:21.812Z",
      "skip_authorization": false
    }
  },
  {
    "model": "oauth2_provider.grant",
    "pk": 18,
    "fields": {
      "user": [
        "beau"
      ],
      "code": "example-code-25",
      "application": 2,
      "expires": "2020-03-18T22:30:14.415Z",
      "redirect_uri": "https://www.microbio.me/AmericanGut/authed/connect/open-humans/",
      "created": "2016-02-09T01:36:03.716Z",
      "updated": "2017-03-04T04:42:21.812Z",
      "scope": "read write american-gut"
    }
  },
  {
    "model": "oauth2_provider.grant",
    "pk": 19,
    "fields": {
      "user": [
        "beau"
      ],
      "code": "example-code-26",
      "application": 2,
      "expires": "2020-03-18T22:30:24.812Z",
      "redirect_uri": "https://www.microbio.me/AmericanGut/authed/connect/open-humans/",
      "created": "2016-02-09T01:36:03.716Z",
      "updated": "2017-03-04T04:42:21.812Z",
      "scope": "read write american-gut"
    }
  },
  {
    "model": "oauth2_provider.grant",
    "pk": 694,
    "fields": {
      "user": [
        "beau"
      ],
      "code": "example-code-27",
      "application": 5,
      "expires": "2020-01-14T21:50:04.315Z",
      "redirect_uri": "https://wildlifehomes-datareturn.herokuapp.com/open_humans_complete/",
      "created": "2016-03-09T01:36:03.716Z",
      "updated": "2017-04-04T04:42:21.812Z",
      "scope": "wildlife read write"
    }
  },
  {
    "model": "oauth2_provider.grant",
    "pk": 695,
    "fields": {
      "user": [
        "beau"
      ],
      "code": "example-code-28",
      "application": 5,
      "expires": "2020-01-14T21:51:15.555Z",
      "redirect_uri": "https://wildlifehomes-datareturn.herokuapp.com/open_humans_complete/",
      "created": "2016-04-09T01:36:03.716Z",
      "updated": "2017-05-04T04:42:21.812Z",
      "scope": "wildlife read write"
    }
  },
  {
    "model": "oauth2_provider.accesstoken",
    "pk": 405,
    "fields": {
      "user": [
        "beau"
      ],
      "token": "example-token-29",
      "application": 3,
      "expires": "2020-11-17T03:57:15.124Z",
      "created": "2016-01-09T01:36:03.716Z",
      "updated": "2017-02-04T04:42:21.812Z",
      "scope": "read write pgp"
    }
  },
  {
    "model": "oauth2_provider.accesstoken",
    "pk": 580,
    "fields": {
      "user": [
        "beau"
      ],
      "token": "example-token-30",
      "application": 4,
      "expires": "2020-01-11T16:42:50.764Z",
      "created": "2016-02-09T01:36:03.716Z",
      "updated": "2017-03-04T04:42:21.812Z",
      "scope": "read"
    }
  },
  {
    "model": "oauth2_provider.accesstoken",
    "pk": 610,
    "fields": {
      "user": [
        "beau"
      ],
      "token": "goviral-token-1",
      "application": 1,
      "expires": "2020-01-15T07:44:04.207Z",
      "created": "2016-03-09T01:36:03.716Z",
      "updated": "2017-04-04T04:42:21.812Z",
      "scope": "go-viral read write"
    }
  },
  {
    "model": "oauth2_provider.accesstoken",
    "pk": 604,
    "fields": {
      "user": [
        "beau"
      ],
      "token": "example-token-31",
      "application": 5,
      "expires": "2020-01-15T07:44:04.207Z",
      "created": "2016-05-09T01:36:03.716Z",
      "updated": "2017-06-04T04:42:21.812Z",
      "scope": "wildlife read write"
    }
  },
  {
    "model": "oauth2_provider.accesstoken",
    "pk": 771,
    "fields": {
      "user": [
        "beau"
      ],
      "token": "example-token-32",
      "application": 2,
      "expires": "2020-02-04T13:12:30.227Z",
      "created": "2016-06-09T01:36:03.716Z",
      "updated": "2017-07-04T04:42:21.812Z",
      "scope": "read write american-gut"
    }
  },
  {
    "model": "oauth2_provider.accesstoken",
    "pk": 772,
    "fields": {
      "user": [
        "beau"
      ],
      "token": "example-token-33",
      "application": 2,
      "expires": "2020-02-04T13:12:43.259Z",
      "created": "2016-07-09T01:36:03.716Z",
      "updated": "2017-08-04T04:42:21.812Z",
      "scope": "read write american-gut"
    }
  },
  {
    "model": "oauth2_provider.refreshtoken",
    "pk": 405,
    "fields": {
      "user": [
        "beau"
      ],
      "token": "example-token-34",
      "application": 3,
      "created": "2016-01-09T01:36:03.716Z",
      "updated": "2017-02-04T04:42:21.812Z",
	"access_token": 405
    }
  },
  {
    "model": "oauth2_provider.refreshtoken",
    "pk": 580,
    "fields": {
      "user": [
        "beau"
      ],
      "token": "example-token-35",
      "application": 4,
      "created": "2016-02-09T01:36:03.716Z",
      "updated": "2017-03-04T04:42:21.812Z",
      "access_token": 580
    }
  },
  {
    "model": "oauth2_provider.refreshtoken",
    "pk": 604,
    "fields": {
      "user": [
        "beau"
      ],
      "token": "example-token-36",
      "application": 5,
      "created": "2016-03-09T01:36:03.716Z",
      "updated": "2017-04-04T04:42:21.812Z",
      "access_token": 604
    }
  },
  {
    "model": "oauth2_provider.refreshtoken",
    "pk": 771,
    "fields": {
      "user": [
        "beau"
      ],
      "token": "example-token-37",
      "application": 2,
      "created": "2016-04-09T01:36:03.716Z",
      "updated": "2017-05-04T04:42:21.812Z",
      "access_token": 771
    }
  },
  {
    "model": "oauth2_provider.refreshtoken",
    "pk": 772,
    "fields": {
      "user": [
        "beau"
      ],
      "token": "example-token-38",
      "application": 2,
      "created": "2016-05-09T01:36:03.716Z",
      "updated": "2017-06-04T04:42:21.812Z",
      "access_token": 772
    }
  },
{
  "model": "data_import.datatype",
  "pk": 1,
  "fields": {
      "name": "survey",
      "description": "survey",
      "created": "2016-02-24T22:11:38.721Z",
      "parent_id": null
  }
},
{
  "model": "data_import.datatype",
  "pk": 2,
  "fields": {
      "name": "all your base",
      "description": "are belong to us",
      "created": "2016-03-24T22:11:38.721Z",
      "parent_id": 1
  }
},
{
  "model": "data_import.datatype",
  "pk": 3,
  "fields": {
      "name": "genetics",
      "description": "genetics",
      "created": "2016-02-24T22:11:38.721Z",
      "parent_id": null
  }
},
{
  "model": "data_import.datatype",
  "pk": 4,
  "fields": {
      "name": "fourth one",
      "description": "because I decided to have four",
      "created": "2016-02-24T22:11:38.721Z",
      "parent_id": null
  }
},
{
  "model": "private_sharing.datarequestproject_registered_datatypes",
  "pk": 1,
  "fields": {
      "datarequestproject_id": 2,
      "datatype_id": 1
  }
},
{
  "model": "private_sharing.datarequestproject_registered_datatypes",
    "pk": 2,
    "fields": {
        "datarequestproject_id": 2,
        "datatype_id": 4
  }
}
]
