[
  {
    "model": "public_data.participant",
    "pk": 2,
    "fields": {
      "member": 3,
      "enrolled": true
    }
  },
  {
    "model": "public_data.publicdataaccess",
    "pk": 5,
    "fields": {
      "participant": 2,
      "data_source": "direct-sharing-128",
      "is_public": true
    }
  },
  {
    "model": "public_data.publicdataaccess",
    "pk": 6,
    "fields": {
      "participant": 2,
      "data_source": "direct-sharing-139",
      "is_public": true
    }
  },
  {
    "model": "public_data.publicdataaccess",
    "pk": 7,
    "fields": {
      "participant": 2,
      "data_source": "direct-sharing-140",
      "is_public": true
    }
  },
  {
    "model": "public_data.publicdataaccess",
    "pk": 131,
    "fields": {
      "participant": 2,
      "data_source": "direct-sharing-142",
      "is_public": false
    }
  },
  {
    "model": "open_humans.user",
    "fields": {
      "password": "",
      "last_login": "2015-03-07T20:27:07.606Z",
      "is_superuser": false,
      "username": "api-administrator",
      "first_name": "",
      "last_name": "",
      "email": "",
      "is_staff": false,
      "is_active": true,
      "date_joined": "2015-03-07T20:27:07.606Z",
      "groups": [],
      "user_permissions": []
    }
  },
  {
    "model": "open_humans.user",
    "fields": {
      "password": "pbkdf2_sha256$20000$M8Mz7sghMmn9$fuEYjTTgSLlxwwDt8eZOt3/nyHH0WR9xvZ8CMIMXK84=",
      "last_login": "2016-02-02T23:08:30.779Z",
      "is_superuser": false,
      "username": "beau",
      "first_name": "Beau",
      "last_name": "Gunderson",
      "email": "beau@beaugunderson.com",
      "is_staff": false,
      "is_active": true,
      "date_joined": "2015-03-09T19:21:20.734Z",
      "groups": [],
      "user_permissions": []
    }
  },
  {
    "model": "open_humans.member",
    "pk": 3,
    "fields": {
      "user": [
        "beau"
      ],
      "name": "Beau Gunderson",
      "profile_image": "member/beau/profile-images/10492013_10202105721556011_9158684372825577643_n.jpg",
      "about_me": "## Testing!\n\nTesting.",
      "newsletter": true,
      "allow_user_messages": true,
      "member_id": "08868768",
      "seen_pgp_interstitial": true
    }
  },
  {
    "model": "data_import.datafile",
    "pk": 1219,
    "fields": {
      "file": "member/beau/imported-data/pgp/pgp-harvard_individual-huF06AD0_surveys_20150316T172341Z.tar.gz",
      "metadata": {},
      "created": "2015-03-16T17:23:36.225Z",
      "source": "direct-sharing-139",
      "user": [
        "beau"
      ]
    }
  },
  {
    "model": "data_import.datafile",
    "pk": 1254,
    "fields": {
      "file": "member/beau/imported-data/pgp/pgp-harvard_individual-huF06AD0_surveys_20150323T230657Z.tar.gz",
      "metadata": {},
      "created": "2015-03-23T22:27:09.813Z",
      "source": "direct-sharing-139",
      "user": [
        "beau"
      ]
    }
  },
  {
    "model": "data_import.datafile",
    "pk": 1302,
    "fields": {
      "file": "member/beau/imported-data/pgp/pgp-harvard_individual-huF06AD0_surveys_20150411T013115Z.tar.gz",
      "metadata": {},
      "created": "2015-04-11T01:31:13.599Z",
      "source": "direct-sharing-139",
      "user": [
        "beau"
      ]
    }
  },
  {
    "model": "data_import.datafile",
    "pk": 1312,
    "fields": {
      "file": "member/beau/imported-data/pgp/pgp-harvard_individual-huF06AD0_surveys_20150629T173716Z.tar.gz",
      "metadata": {},
      "created": "2015-06-29T17:37:12.886Z",
      "source": "direct-sharing-139",
      "user": [
        "beau"
      ]
    }
  },
  {
    "model": "data_import.datafile",
    "pk": 1376,
    "fields": {
      "file": "member/beau/imported-data/pgp/PGP-Harvard-surveys-huF06AD0-20160105T004813Z.json",
      "metadata": {},
      "created": "2016-01-05T00:48:09.089Z",
      "source": "direct-sharing-139",
      "user": [
        "beau"
      ]
    }
  },
  {
    "model": "data_import.datafile",
    "pk": 1482,
    "fields": {
      "file": "member/beau/imported-data/pgp/PGP-Harvard-surveys-huF06AD0-20160106T005345Z.json",
      "metadata": {
        "description": "PGP Harvard survey data, JSON format.",
        "tags": [
          "json",
          "survey"
        ]
      },
      "created": "2016-01-06T00:53:33.116Z",
      "source": "direct-sharing-142",
      "user": [
        "beau"
      ]
    }
  },
  {
    "model": "data_import.datafile",
    "pk": 1938,
    "fields": {
      "file": "member/beau/imported-data/runkeeper/RunKeeper_individual-2006466_activity-data_20150701T012017Z.tar.gz",
      "metadata": {},
      "created": "2015-07-01T01:18:56.453Z",
      "source": "direct-sharing-140",
      "user": [
        "beau"
      ]
    }
  },
  {
    "model": "data_import.datafile",
    "pk": 1977,
    "fields": {
      "file": "member/beau/imported-data/runkeeper/RunKeeper_individual-2006466_activity-data_20150814T012946Z.tar.gz",
      "metadata": {},
      "created": "2015-08-14T01:27:43.623Z",
      "source": "direct-sharing-140",
      "user": [
        "beau"
      ]
    }
  },
  {
    "model": "data_import.datafile",
    "pk": 2007,
    "fields": {
      "file": "member/beau/imported-data/runkeeper/runkeeper_activity-data_20151130T174209Z.tar.gz",
      "metadata": {},
      "created": "2015-11-30T17:39:34.139Z",
      "source": "direct-sharing-140",
      "user": [
        "beau"
      ]
    }
  },
  {
    "model": "data_import.datafile",
    "pk": 2020,
    "fields": {
      "file": "member/3/imported-data/runkeeper/20160203T181823Z/Runkeeper-activity-data-2014.json",
      "metadata": {
        "description": "Runkeeper GPS maps and imported activity data.",
        "dataYear": 2014,
        "complete": true,
        "tags": [
          "GPS",
          "Runkeeper"
        ]
      },
      "created": "2016-02-03T18:18:23.009Z",
      "source": "direct-sharing-140",
      "user": [
        "beau"
      ]
    }
  },
  {
    "model": "data_import.datafile",
    "pk": 2021,
    "fields": {
      "file": "member/3/imported-data/runkeeper/20160203T181823Z/Runkeeper-activity-data-2015.json",
      "metadata": {
        "description": "Runkeeper GPS maps and imported activity data.",
        "dataYear": 2015,
        "complete": true,
        "tags": [
          "GPS",
          "Runkeeper"
        ]
      },
      "created": "2016-02-03T18:18:23.009Z",
      "source": "direct-sharing-140",
      "user": [
        "beau"
      ]
    }
  },
  {
    "model": "data_import.datafile",
    "pk": 2022,
    "fields": {
      "file": "member/3/imported-data/runkeeper/20160203T181823Z/Runkeeper-activity-data-2016.json",
      "metadata": {
        "description": "Runkeeper GPS maps and imported activity data.",
        "dataYear": 2016,
        "complete": false,
        "tags": [
          "GPS",
          "Runkeeper"
        ]
      },
      "created": "2016-02-03T18:18:23.009Z",
      "source": "direct-sharing-140",
      "user": [
        "beau"
      ]
    }
  },
  {
    "model": "data_import.datafile",
    "pk": 2348,
    "fields": {
      "file": "member/beau/imported-data/twenty_three_and_me/23andme_individual-058e958a740ab412_full-genotype-data_20150312T172205Z.tar.gz",
      "metadata": {},
      "created": "2015-03-12T17:21:46.978Z",
      "source": "direct-sharing-128",
      "user": [
        "beau"
      ]
    }
  },
  {
    "model": "data_import.datafile",
    "pk": 2352,
    "fields": {
      "file": "member/beau/imported-data/twenty_three_and_me/twenty-three-and-me_genotyping_20151124T174841Z.tar.gz",
      "metadata": {},
      "created": "2015-11-24T17:48:41.032Z",
      "source": "direct-sharing-128",
      "user": [
        "beau"
      ]
    }
  },
  {
    "model": "data_import.datafile",
    "pk": 2353,
    "fields": {
      "file": "member/beau/imported-data/twenty_three_and_me/twenty-three-and-me_genotyping_20151124T175955Z.tar.gz",
      "metadata": {},
      "created": "2015-11-24T17:59:54.829Z",
      "source": "direct-sharing-128",
      "user": [
        "beau"
      ]
    }
  },
  {
    "model": "data_import.datafile",
    "pk": 2360,
    "fields": {
      "file": "member/beau/imported-data/twenty_three_and_me/twenty-three-and-me_genotyping_20151202T091622Z.tar.gz",
      "metadata": {},
      "created": "2015-12-02T09:16:22.263Z",
      "source": "direct-sharing-128",
      "user": [
        "beau"
      ]
    }
  },
  {
    "model": "data_import.datafile",
    "pk": 2390,
    "fields": {
      "file": "member/beau/imported-data/twenty_three_and_me/20160115T190706Z/twenty-three-and-me_genotyping_20160115T190706Z.tar.gz",
      "metadata": {},
      "created": "2016-01-15T19:07:06.071Z",
      "source": "direct-sharing-128",
      "user": [
        "beau"
      ]
    }
  },
  {
    "model": "data_import.datafile",
    "pk": 2409,
    "fields": {
      "file": "member/beau/imported-data/twenty_three_and_me/20160119T201351Z/23andMe-genotyping.txt",
      "metadata": {
        "description": "23andMe full genotyping data, original format",
        "tags": [
          "23andMe",
          "genotyping"
        ]
      },
      "created": "2016-01-19T20:13:51.742Z",
      "source": "direct-sharing-128",
      "user": [
        "beau"
      ]
    }
  },
  {
    "model": "data_import.datafile",
    "pk": 2410,
    "fields": {
      "file": "member/beau/imported-data/twenty_three_and_me/20160119T201351Z/23andMe-genotyping.vcf",
      "metadata": {
        "description": "23andMe full genotyping data, VCF format",
        "tags": [
          "23andMe",
          "genotyping",
          "vcf"
        ]
      },
      "created": "2016-01-19T20:13:51.742Z",
      "source": "direct-sharing-128",
      "user": [
        "beau"
      ]
    }
  },
  {
    "model": "data_import.datafile",
    "pk": 2415,
    "fields": {
      "file": "member/beau/imported-data/twenty_three_and_me/20160119T214714Z/23andMe-genotyping.txt",
      "metadata": {
        "description": "23andMe full genotyping data, original format",
        "tags": [
          "23andMe",
          "genotyping"
        ]
      },
      "created": "2016-01-19T21:47:14.934Z",
      "source": "direct-sharing-128",
      "user": [
        "beau"
      ]
    }
  },
  {
    "model": "data_import.datafile",
    "pk": 2416,
    "fields": {
      "file": "member/beau/imported-data/twenty_three_and_me/20160119T214714Z/23andMe-genotyping.vcf",
      "metadata": {
        "description": "23andMe full genotyping data, VCF format",
        "tags": [
          "23andMe",
          "genotyping",
          "vcf"
        ]
      },
      "created": "2016-01-19T21:47:14.934Z",
      "source": "direct-sharing-128",
      "user": [
        "beau"
      ]
    }
  },
  {
    "model": "data_import.datafile",
    "pk": 2419,
    "fields": {
      "file": "member/beau/imported-data/twenty_three_and_me/20160119T215032Z/23andMe-genotyping.txt",
      "metadata": {
        "description": "23andMe full genotyping data, original format",
        "tags": [
          "23andMe",
          "genotyping"
        ]
      },
      "created": "2016-01-19T21:50:32.031Z",
      "source": "direct-sharing-128",
      "user": [
        "beau"
      ]
    }
  },
  {
    "model": "data_import.datafile",
    "pk": 2420,
    "fields": {
      "file": "member/beau/imported-data/twenty_three_and_me/20160119T215032Z/23andMe-genotyping.vcf",
      "metadata": {
        "description": "23andMe full genotyping data, VCF format",
        "tags": [
          "23andMe",
          "genotyping",
          "vcf"
        ]
      },
      "created": "2016-01-19T21:50:32.031Z",
      "source": "direct-sharing-128",
      "user": [
        "beau"
      ]
    }
  },
  {
    "model": "data_import.datafile",
    "pk": 2461,
    "fields": {
      "file": "member/beau/imported-data/twenty_three_and_me/20160119T225624Z/23andMe-genotyping.txt",
      "metadata": {
        "description": "23andMe full genotyping data, original format",
        "tags": [
          "23andMe",
          "genotyping"
        ]
      },
      "created": "2016-01-19T22:56:24.961Z",
      "source": "direct-sharing-128",
      "user": [
        "beau"
      ]
    }
  },
  {
    "model": "data_import.datafile",
    "pk": 2462,
    "fields": {
      "file": "member/beau/imported-data/twenty_three_and_me/20160119T225624Z/23andMe-genotyping.vcf",
      "metadata": {
        "description": "23andMe full genotyping data, VCF format",
        "tags": [
          "23andMe",
          "genotyping",
          "vcf"
        ]
      },
      "created": "2016-01-19T22:56:24.961Z",
      "source": "direct-sharing-128",
      "user": [
        "beau"
      ]
    }
  },
  {
    "model": "data_import.datafile",
    "pk": 2659,
    "fields": {
      "file": "member/3/imported-data/twenty_three_and_me/20160203T214410Z/23andMe-genotyping.txt",
      "metadata": {
        "description": "23andMe full genotyping data, original format",
        "tags": [
          "23andMe",
          "genotyping"
        ]
      },
      "created": "2016-02-03T21:44:10.210Z",
      "source": "direct-sharing-128",
      "user": [
        "beau"
      ]
    }
  },
  {
    "model": "data_import.datafile",
    "pk": 2660,
    "fields": {
      "file": "member/3/imported-data/twenty_three_and_me/20160203T214410Z/23andMe-genotyping.vcf",
      "metadata": {
        "description": "23andMe full genotyping data, VCF format",
        "tags": [
          "23andMe",
          "genotyping",
          "vcf"
        ]
      },
      "created": "2016-02-03T21:44:10.210Z",
      "source": "direct-sharing-128",
      "user": [
        "beau"
      ]
    }
  },
  {
    "model": "data_import.datafile",
    "pk": 2819,
    "fields": {
      "file": "member/beau/imported-data/wildlife/20160114T214404Z/wildlife_bacterial-and-fungal-profiling_20160114T214405Z.tar.gz",
      "metadata": {},
      "created": "2016-01-14T21:44:04.954Z",
      "source": "direct-sharing-142",
      "user": [
        "beau"
      ]
    }
  },
  {
    "model": "data_import.datafile",
    "pk": 2882,
    "fields": {
      "file": "member/3/imported-data/wildlife/20160129T202403Z/home-data-kit-806.json",
      "metadata": {
        "description": "Geographical and architectural information about residence",
        "tags": [
          "survey",
          "location",
          "Wild Life of Our Homes"
        ]
      },
      "created": "2016-01-29T20:24:03.898Z",
      "source": "direct-sharing-142",
      "user": [
        "beau"
      ]
    }
  },
  {
    "model": "data_import.datafile",
    "pk": 2883,
    "fields": {
      "file": "member/3/imported-data/wildlife/20160129T202403Z/bacteria-kit-806.csv.bz2",
      "metadata": {
        "description": "Bacteria 16S-based OTU counts and taxonomic classifications",
        "tags": [
          "bacteria",
          "OTU",
          "16S"
        ]
      },
      "created": "2016-01-29T20:24:03.898Z",
      "source": "direct-sharing-142",
      "user": [
        "beau"
      ]
    }
  },
  {
    "model": "data_import.datafile",
    "pk": 2884,
    "fields": {
      "file": "member/3/imported-data/wildlife/20160129T202403Z/fungi-kit-806.csv.bz2",
      "metadata": {
        "description": "Fungi ITS-based OTU counts and taxonomic classifications",
        "tags": [
          "fungi",
          "OTU",
          "ITS"
        ]
      },
      "created": "2016-01-29T20:24:03.898Z",
      "source": "direct-sharing-142",
      "user": [
        "beau"
      ]
    }
  },
  {
    "model": "data_import.datafile",
    "pk": 2903,
    "fields": {
      "file": "member/3/imported-data/wildlife/20160129T202513Z/home-data-kit-806.json",
      "metadata": {
        "description": "Geographical and architectural information about residence",
        "tags": [
          "survey",
          "location",
          "Wild Life of Our Homes"
        ]
      },
      "created": "2016-01-29T20:25:13.338Z",
      "source": "direct-sharing-142",
      "user": [
        "beau"
      ]
    }
  },
  {
    "model": "data_import.datafile",
    "pk": 2904,
    "fields": {
      "file": "member/3/imported-data/wildlife/20160129T202513Z/bacteria-kit-806.csv.bz2",
      "metadata": {
        "description": "Bacteria 16S-based OTU counts and taxonomic classifications",
        "tags": [
          "bacteria",
          "OTU",
          "16S"
        ]
      },
      "created": "2016-01-29T20:25:13.338Z",
      "source": "direct-sharing-142",
      "user": [
        "beau"
      ]
    }
  },
  {
    "model": "data_import.datafile",
    "pk": 2905,
    "fields": {
      "file": "member/3/imported-data/wildlife/20160129T202513Z/fungi-kit-806.csv.bz2",
      "metadata": {
        "description": "Fungi ITS-based OTU counts and taxonomic classifications",
        "tags": [
          "fungi",
          "OTU",
          "ITS"
        ]
      },
      "created": "2016-01-29T20:25:13.338Z",
      "source": "direct-sharing-142",
      "user": [
        "beau"
      ]
    }
  },
  {
    "model": "data_import.datafile",
    "pk": 3095,
    "fields": {
      "file": "member/3/imported-data/wildlife/20160208T185956Z/fungi-kit-806.csv.bz2",
      "metadata": {
        "description": "Fungi ITS-based OTU counts and taxonomic classifications",
        "tags": [
          "fungi",
          "ITS",
          "OTU",
          "Wild Life of Our Homes"
        ]
      },
      "created": "2016-02-08T18:59:56.456Z",
      "source": "direct-sharing-142",
      "user": [
        "beau"
      ]
    }
  },
  {
    "model": "data_import.datafile",
    "pk": 3096,
    "fields": {
      "file": "member/3/imported-data/wildlife/20160208T185956Z/fungi-kit-806-graphs.png",
      "metadata": {
        "description": "Visualization of Wild Life of Our Homes fungi data",
        "tags": [
          "fungi",
          "visualization",
          "Wild Life of Our Homes"
        ]
      },
      "created": "2016-02-08T18:59:56.456Z",
      "source": "direct-sharing-142",
      "user": [
        "beau"
      ]
    }
  },
  {
    "model": "data_import.datafile",
    "pk": 3097,
    "fields": {
      "file": "member/3/imported-data/wildlife/20160208T185956Z/bacteria-kit-806.csv.bz2",
      "metadata": {
        "description": "Bacteria 16S-based OTU counts and taxonomic classifications",
        "tags": [
          "bacteria",
          "16S",
          "OTU",
          "Wild Life of Our Homes"
        ]
      },
      "created": "2016-02-08T18:59:56.456Z",
      "source": "direct-sharing-142",
      "user": [
        "beau"
      ]
    }
  },
  {
    "model": "data_import.datafile",
    "pk": 3098,
    "fields": {
      "file": "member/3/imported-data/wildlife/20160208T185956Z/bacteria-kit-806-graphs.png",
      "metadata": {
        "description": "Visualization of Wild Life of Our Homes bacteria data",
        "tags": [
          "bacteria",
          "visualization",
          "Wild Life of Our Homes"
        ]
      },
      "created": "2016-02-08T18:59:56.456Z",
      "source": "direct-sharing-142",
      "user": [
        "beau"
      ]
    }
  },
  {
    "model": "data_import.datafile",
    "pk": 3099,
    "fields": {
      "file": "member/3/imported-data/wildlife/20160208T185956Z/home-data-kit-806.json",
      "metadata": {
        "description": "Geographical and architectural information about residence",
        "tags": [
          "survey",
          "location",
          "Wild Life of Our Homes"
        ]
      },
      "created": "2016-02-08T18:59:56.456Z",
      "source": "direct-sharing-142",
      "user": [
        "beau"
      ]
    }
  },
  {
    "model": "data_import.datafile",
    "pk": 3125,
    "fields": {
      "file": "member/3/imported-data/wildlife/20160209T013603Z/fungi-kit-806.csv.bz2",
      "metadata": {
        "description": "Fungi ITS-based OTU counts and taxonomic classifications",
        "tags": [
          "fungi",
          "ITS",
          "OTU",
          "Wild Life of Our Homes"
        ]
      },
      "created": "2016-02-09T01:36:03.716Z",
      "source": "direct-sharing-142",
      "user": [
        "beau"
      ]
    }
  },
  {
    "model": "data_import.datafile",
    "pk": 3126,
    "fields": {
      "file": "member/3/imported-data/wildlife/20160209T013603Z/fungi-kit-806-graphs.png",
      "metadata": {
        "description": "Visualization of Wild Life of Our Homes fungi data",
        "tags": [
          "fungi",
          "visualization",
          "Wild Life of Our Homes"
        ]
      },
      "created": "2016-02-09T01:36:03.716Z",
      "source": "direct-sharing-142",
      "user": [
        "beau"
      ]
    }
  },
  {
    "model": "data_import.datafile",
    "pk": 3127,
    "fields": {
      "file": "member/3/imported-data/wildlife/20160209T013603Z/bacteria-kit-806.csv.bz2",
      "metadata": {
        "description": "Bacteria 16S-based OTU counts and taxonomic classifications",
        "tags": [
          "bacteria",
          "16S",
          "OTU",
          "Wild Life of Our Homes"
        ]
      },
      "created": "2016-02-09T01:36:03.716Z",
      "source": "direct-sharing-142",
      "user": [
        "beau"
      ]
    }
  },
  {
    "model": "data_import.datafile",
    "pk": 3128,
    "fields": {
      "file": "member/3/imported-data/wildlife/20160209T013603Z/bacteria-kit-806-graphs.png",
      "metadata": {
        "description": "Visualization of Wild Life of Our Homes bacteria data",
        "tags": [
          "bacteria",
          "visualization",
          "Wild Life of Our Homes"
        ]
      },
      "created": "2016-02-09T01:36:03.716Z",
      "source": "direct-sharing-142",
      "user": [
        "beau"
      ]
    }
  },
  {
    "model": "data_import.datafile",
    "pk": 3129,
    "fields": {
      "file": "member/3/imported-data/wildlife/20160209T013603Z/home-data-kit-806.json",
      "metadata": {
        "description": "Geographical and architectural information about residence",
        "tags": [
          "survey",
          "location",
          "Wild Life of Our Homes"
        ]
      },
      "created": "2016-02-09T01:36:03.716Z",
      "source": "direct-sharing-142",
      "user": [
        "beau"
      ]
    }
  },
  {
    "model": "oauth2_provider.application",
    "pk": 1,
    "fields": {
      "client_id": "example-id-15",
      "user": [
        "api-administrator"
      ],
      "redirect_uris": "https://www.goviralstudy.com/auth/open-humans/callback",
      "client_type": "confidential",
      "authorization_grant_type": "authorization-code",
      "client_secret": "example-secret-16",
      "name": "GoViral",
      "created": "2016-02-09T01:36:03.716Z",
      "updated": "2017-03-04T04:42:21.812Z",
      "skip_authorization": false
    }
  },
  {
    "model": "oauth2_provider.application",
    "pk": 2,
    "fields": {
      "client_id": "example-id-17",
      "user": [
        "api-administrator"
      ],
      "redirect_uris": "https://www.microbio.me/AmericanGut/authed/connect/open-humans/",
      "client_type": "confidential",
      "authorization_grant_type": "authorization-code",
      "client_secret": "example-secret-18",
      "name": "American Gut",
      "created": "2016-04-09T01:36:03.716Z",
      "updated": "2017-05-04T04:42:21.812Z",
      "skip_authorization": false
    }
  },
  {
    "model": "oauth2_provider.application",
    "pk": 3,
    "fields": {
      "client_id": "example-id-19",
      "user": [
        "api-administrator"
      ],
      "redirect_uris": "https://my.pgp-hms.org/auth/open-humans/callback",
      "client_type": "confidential",
      "authorization_grant_type": "authorization-code",
      "client_secret": "example-secret-20",
      "name": "Harvard Personal Genome Project",
      "created": "2016-05-09T01:36:03.716Z",
      "updated": "2017-06-04T04:42:21.812Z",
      "skip_authorization": false
    }
  },
  {
    "model": "oauth2_provider.application",
    "pk": 4,
    "fields": {
      "client_id": "example-id-21",
      "user": [
        "beau"
      ],
      "redirect_uris": "https://keeping-pace.chunaralab.com/accounts/openhumans/login/callback/",
      "client_type": "confidential",
      "authorization_grant_type": "authorization-code",
      "client_secret": "example-secret-22",
      "name": "Keeping Pace",
      "created": "2016-06-09T01:36:03.716Z",
      "updated": "2017-07-04T04:42:21.812Z",
      "skip_authorization": false
    }
  },
  {
    "model": "oauth2_provider.application",
    "pk": 5,
    "fields": {
      "client_id": "example-id-23",
      "user": [
        "api-administrator"
      ],
      "redirect_uris": "https://wildlifehomes-datareturn.herokuapp.com/open_humans_complete/",
      "client_type": "confidential",
      "authorization_grant_type": "authorization-code",
      "client_secret": "example-secret-24",
      "name": "Wild Life of Our Homes",
      "created": "2016-07-09T01:36:03.716Z",
      "updated": "2017-08-04T04:42:21.812Z",
      "skip_authorization": false
    }
  },
  {
    "model": "oauth2_provider.grant",
    "pk": 18,
    "fields": {
      "user": [
        "beau"
      ],
      "code": "example-code-25",
      "application": 2,
      "expires": "2020-03-18T22:30:14.415Z",
      "redirect_uri": "https://www.microbio.me/AmericanGut/authed/connect/open-humans/",
      "created": "2016-02-09T01:36:03.716Z",
      "updated": "2017-03-04T04:42:21.812Z",
      "scope": "read write american-gut"
    }
  },
  {
    "model": "oauth2_provider.grant",
    "pk": 19,
    "fields": {
      "user": [
        "beau"
      ],
      "code": "example-code-26",
      "application": 2,
      "expires": "2020-03-18T22:30:24.812Z",
      "redirect_uri": "https://www.microbio.me/AmericanGut/authed/connect/open-humans/",
      "created": "2016-02-09T01:36:03.716Z",
      "updated": "2017-03-04T04:42:21.812Z",
      "scope": "read write american-gut"
    }
  },
  {
    "model": "oauth2_provider.grant",
    "pk": 694,
    "fields": {
      "user": [
        "beau"
      ],
      "code": "example-code-27",
      "application": 5,
      "expires": "2020-01-14T21:50:04.315Z",
      "redirect_uri": "https://wildlifehomes-datareturn.herokuapp.com/open_humans_complete/",
      "created": "2016-03-09T01:36:03.716Z",
      "updated": "2017-04-04T04:42:21.812Z",
      "scope": "wildlife read write"
    }
  },
  {
    "model": "oauth2_provider.grant",
    "pk": 695,
    "fields": {
      "user": [
        "beau"
      ],
      "code": "example-code-28",
      "application": 5,
      "expires": "2020-01-14T21:51:15.555Z",
      "redirect_uri": "https://wildlifehomes-datareturn.herokuapp.com/open_humans_complete/",
      "created": "2016-04-09T01:36:03.716Z",
      "updated": "2017-05-04T04:42:21.812Z",
      "scope": "wildlife read write"
    }
  },
  {
    "model": "oauth2_provider.accesstoken",
    "pk": 405,
    "fields": {
      "user": [
        "beau"
      ],
      "token": "example-token-29",
      "application": 3,
      "expires": "2020-11-17T03:57:15.124Z",
      "created": "2016-01-09T01:36:03.716Z",
      "updated": "2017-02-04T04:42:21.812Z",
      "scope": "read write pgp"
    }
  },
  {
    "model": "oauth2_provider.accesstoken",
    "pk": 580,
    "fields": {
      "user": [
        "beau"
      ],
      "token": "example-token-30",
      "application": 4,
      "expires": "2020-01-11T16:42:50.764Z",
      "created": "2016-02-09T01:36:03.716Z",
      "updated": "2017-03-04T04:42:21.812Z",
      "scope": "read"
    }
  },
  {
    "model": "oauth2_provider.accesstoken",
    "pk": 610,
    "fields": {
      "user": [
        "beau"
      ],
      "token": "goviral-token-1",
      "application": 1,
      "expires": "2020-01-15T07:44:04.207Z",
      "created": "2016-03-09T01:36:03.716Z",
      "updated": "2017-04-04T04:42:21.812Z",
      "scope": "go-viral read write"
    }
  },
  {
    "model": "oauth2_provider.accesstoken",
    "pk": 604,
    "fields": {
      "user": [
        "beau"
      ],
      "token": "example-token-31",
      "application": 5,
      "expires": "2020-01-15T07:44:04.207Z",
      "created": "2016-05-09T01:36:03.716Z",
      "updated": "2017-06-04T04:42:21.812Z",
      "scope": "wildlife read write"
    }
  },
  {
    "model": "oauth2_provider.accesstoken",
    "pk": 771,
    "fields": {
      "user": [
        "beau"
      ],
      "token": "example-token-32",
      "application": 2,
      "expires": "2020-02-04T13:12:30.227Z",
      "created": "2016-06-09T01:36:03.716Z",
      "updated": "2017-07-04T04:42:21.812Z",
      "scope": "read write american-gut"
    }
  },
  {
    "model": "oauth2_provider.accesstoken",
    "pk": 772,
    "fields": {
      "user": [
        "beau"
      ],
      "token": "example-token-33",
      "application": 2,
      "expires": "2020-02-04T13:12:43.259Z",
      "created": "2016-07-09T01:36:03.716Z",
      "updated": "2017-08-04T04:42:21.812Z",
      "scope": "read write american-gut"
    }
  },
  {
    "model": "oauth2_provider.refreshtoken",
    "pk": 405,
    "fields": {
      "user": [
        "beau"
      ],
      "token": "example-token-34",
      "application": 3,
      "created": "2016-01-09T01:36:03.716Z",
      "updated": "2017-02-04T04:42:21.812Z",
	"access_token": 405
    }
  },
  {
    "model": "oauth2_provider.refreshtoken",
    "pk": 580,
    "fields": {
      "user": [
        "beau"
      ],
      "token": "example-token-35",
      "application": 4,
      "created": "2016-02-09T01:36:03.716Z",
      "updated": "2017-03-04T04:42:21.812Z",
      "access_token": 580
    }
  },
  {
    "model": "oauth2_provider.refreshtoken",
    "pk": 604,
    "fields": {
      "user": [
        "beau"
      ],
      "token": "example-token-36",
      "application": 5,
      "created": "2016-03-09T01:36:03.716Z",
      "updated": "2017-04-04T04:42:21.812Z",
      "access_token": 604
    }
  },
  {
    "model": "oauth2_provider.refreshtoken",
    "pk": 771,
    "fields": {
      "user": [
        "beau"
      ],
      "token": "example-token-37",
      "application": 2,
      "created": "2016-04-09T01:36:03.716Z",
      "updated": "2017-05-04T04:42:21.812Z",
      "access_token": 771
    }
  },
  {
    "model": "oauth2_provider.refreshtoken",
    "pk": 772,
    "fields": {
      "user": [
        "beau"
      ],
      "token": "example-token-38",
      "application": 2,
      "created": "2016-05-09T01:36:03.716Z",
      "updated": "2017-06-04T04:42:21.812Z",
      "access_token": 772
    }
  },
  {
    "model": "social_django.UserSocialAuth",
    "pk": 3,
    "fields": {
      "user": [
        "beau"
      ],
      "provider": "23andme",
      "uid": "f74f142777ac69f8",
      "extra_data": "{\"access_token\":\"example-access-token-1\",\"scope\":\"names genomes basic\",\"refresh_token\":\"example-refresh-token-39\"}"
    }
  },
  {
    "model": "social_django.UserSocialAuth",
    "pk": 93,
    "fields": {
      "user": [
        "beau"
      ],
      "provider": "runkeeper",
      "uid": "2006466",
      "extra_data": "{\"access_token\":\"example-access-token-7\",\"id\":2006466}"
    }
  }
]
